scenario,year,variable,value
A,1,Food insecurity,14.08945590541681
A,2,Food insecurity,14.08654757596126
A,3,Food insecurity,14.09020991675715
A,4,Food insecurity,14.09473398479913
A,5,Food insecurity,14.07566826947935
A,6,Food insecurity,14.07416024679868
A,7,Food insecurity,14.07200592868345
A,8,Food insecurity,14.07308308774107
A,9,Food insecurity,14.07545283766782
A,10,Food insecurity,14.0701747582855
A,11,Food insecurity,14.07168278096617
A,12,Food insecurity,14.07254450821226
A,13,Food insecurity,14.07416024679868
A,14,Food insecurity,14.07146734915464
A,15,Food insecurity,14.06985161056822
A,16,Food insecurity,14.06715871292419
A,17,Food insecurity,14.06802044017028
A,18,Food insecurity,14.06715871292419
A,1,House insecurity,13.23806938627785
A,2,House insecurity,13.23085242059183
A,3,House insecurity,13.211355841649
A,4,House insecurity,13.20316943281112
A,5,House insecurity,13.18679661513538
A,6,House insecurity,13.18356513796253
A,7,House insecurity,13.17645588818227
A,8,House insecurity,13.17171638832877
A,9,House insecurity,13.16223738862176
A,10,House insecurity,13.15965220688348
A,11,House insecurity,13.15642072971063
A,12,House insecurity,13.15437412750117
A,13,House insecurity,13.14651086638058
A,14,House insecurity,13.14414111645382
A,15,House insecurity,13.14058649156369
A,16,House insecurity,13.13897075297726
A,17,House insecurity,13.13498526446409
A,18,House insecurity,13.134123537218
A,1,DD White vs Asian,0.3807434782608696
A,1,DD White vs African American,0.5467652173913043
A,1,DD White vs Hispanic,0.4748652173913043
A,1,DD White vs Others,0.4688652173913043
A,2,DD White vs Asian,0.3806826086956522
A,2,DD White vs African American,0.5467652173913043
A,2,DD White vs Hispanic,0.4748043478260869
A,2,DD White vs Others,0.4688565217391304
A,3,DD White vs Asian,0.3804173913043478
A,3,DD White vs African American,0.5468130434782609
A,3,DD White vs Hispanic,0.474995652173913
A,3,DD White vs Others,0.4689347826086956
A,4,DD White vs Asian,0.3802565217391304
A,4,DD White vs African American,0.5468086956521739
A,4,DD White vs Hispanic,0.4748173913043478
A,4,DD White vs Others,0.4689
A,5,DD White vs Asian,0.3798913043478261
A,5,DD White vs African American,0.546608695652174
A,5,DD White vs Hispanic,0.4748
A,5,DD White vs Others,0.4686260869565217
A,6,DD White vs Asian,0.3798608695652174
A,6,DD White vs African American,0.5466652173913044
A,6,DD White vs Hispanic,0.4747826086956522
A,6,DD White vs Others,0.4686695652173913
A,7,DD White vs Asian,0.3798869565217391
A,7,DD White vs African American,0.546708695652174
A,7,DD White vs Hispanic,0.4747782608695652
A,7,DD White vs Others,0.4687
A,8,DD White vs Asian,0.3797391304347826
A,8,DD White vs African American,0.5467478260869565
A,8,DD White vs Hispanic,0.4748260869565217
A,8,DD White vs Others,0.4687347826086957
A,9,DD White vs Asian,0.3796608695652174
A,9,DD White vs African American,0.5466782608695652
A,9,DD White vs Hispanic,0.4748608695652174
A,9,DD White vs Others,0.4687217391304348
A,10,DD White vs Asian,0.3793173913043478
A,10,DD White vs African American,0.5466782608695652
A,10,DD White vs Hispanic,0.474904347826087
A,10,DD White vs Others,0.4687347826086957
A,11,DD White vs Asian,0.3793217391304348
A,11,DD White vs African American,0.5466826086956522
A,11,DD White vs Hispanic,0.4750217391304348
A,11,DD White vs Others,0.4687260869565217
A,12,DD White vs Asian,0.3793434782608696
A,12,DD White vs African American,0.5466521739130434
A,12,DD White vs Hispanic,0.4750521739130435
A,12,DD White vs Others,0.4687434782608696
A,13,DD White vs Asian,0.3786565217391304
A,13,DD White vs African American,0.5527521739130434
A,13,DD White vs Hispanic,0.4772434782608695
A,13,DD White vs Others,0.4730391304347826
A,14,DD White vs Asian,0.3787
A,14,DD White vs African American,0.5527608695652174
A,14,DD White vs Hispanic,0.4771695652173913
A,14,DD White vs Others,0.4730869565217392
A,15,DD White vs Asian,0.3786304347826087
A,15,DD White vs African American,0.5527521739130434
A,15,DD White vs Hispanic,0.4770173913043478
A,15,DD White vs Others,0.4730391304347826
A,16,DD White vs Asian,0.3786695652173913
A,16,DD White vs African American,0.5527521739130434
A,16,DD White vs Hispanic,0.4770304347826087
A,16,DD White vs Others,0.4730565217391304
A,17,DD White vs Asian,0.3785739130434783
A,17,DD White vs African American,0.5525434782608696
A,17,DD White vs Hispanic,0.4768695652173913
A,17,DD White vs Others,0.4727869565217391
A,18,DD White vs Asian,0.3785434782608696
A,18,DD White vs African American,0.5525521739130435
A,18,DD White vs Hispanic,0.4768086956521739
A,18,DD White vs Others,0.4728
F + G,1,Food insecurity,13.95680866364906
F + G,2,Food insecurity,13.94787803582592
F + G,3,Food insecurity,13.95998138669149
F + G,4,Food insecurity,13.96409417582056
F + G,5,Food insecurity,13.93495212713454
F + G,6,Food insecurity,13.93565717669952
F + G,7,Food insecurity,13.93342451974374
F + G,8,Food insecurity,13.93424707756955
F + G,9,Food insecurity,13.92942923887549
F + G,10,Food insecurity,13.92190871018233
F + G,11,Food insecurity,13.92378884235562
F + G,12,Food insecurity,13.9244938919206
F + G,13,Food insecurity,13.92696156539804
F + G,14,Food insecurity,13.92472890844226
F + G,15,Food insecurity,13.92132116887818
F + G,16,Food insecurity,13.92132116887818
F + G,17,Food insecurity,13.92273126800814
F + G,18,Food insecurity,13.92226123496482
F + G,1,House insecurity,13.19700024911751
F + G,2,House insecurity,13.19229991868428
F + G,3,House insecurity,13.17267603912555
F + G,4,House insecurity,13.16362790304159
F + G,5,House insecurity,13.14588415565614
F + G,6,House insecurity,13.14177136652707
F + G,7,House insecurity,13.13319326348642
F + G,8,House insecurity,13.13013804870482
F + G,9,House insecurity,13.11815220610009
F + G,10,House insecurity,13.11650709044846
F + G,11,House insecurity,13.11215928479772
F + G,12,House insecurity,13.10980911958111
F + G,13,House insecurity,13.09864583480219
F + G,14,House insecurity,13.09735324393305
F + G,15,House insecurity,13.09418052089062
F + G,16,House insecurity,13.09265291349981
F + G,17,House insecurity,13.08654248393663
F + G,18,House insecurity,13.08513238480665
F + G,1,DD White vs Asian,0.3793928571428571
F + G,1,DD White vs African American,0.5445285714285715
F + G,1,DD White vs Hispanic,0.4715928571428571
F + G,1,DD White vs Others,0.4671714285714286
F + G,2,DD White vs Asian,0.3791428571428572
F + G,2,DD White vs African American,0.5444071428571429
F + G,2,DD White vs Hispanic,0.4715071428571428
F + G,2,DD White vs Others,0.4671571428571428
F + G,3,DD White vs Asian,0.3790142857142857
F + G,3,DD White vs African American,0.5445142857142857
F + G,3,DD White vs Hispanic,0.47155
F + G,3,DD White vs Others,0.4671428571428571
F + G,4,DD White vs Asian,0.3789285714285714
F + G,4,DD White vs African American,0.5445571428571429
F + G,4,DD White vs Hispanic,0.4714357142857143
F + G,4,DD White vs Others,0.4671285714285714
F + G,5,DD White vs Asian,0.3785357142857143
F + G,5,DD White vs African American,0.5445428571428571
F + G,5,DD White vs Hispanic,0.4726285714285715
F + G,5,DD White vs Others,0.4671214285714286
F + G,6,DD White vs Asian,0.3783928571428571
F + G,6,DD White vs African American,0.5445642857142857
F + G,6,DD White vs Hispanic,0.4724571428571429
F + G,6,DD White vs Others,0.4671357142857143
F + G,7,DD White vs Asian,0.3782071428571429
F + G,7,DD White vs African American,0.5445857142857143
F + G,7,DD White vs Hispanic,0.4724857142857143
F + G,7,DD White vs Others,0.4671642857142857
F + G,8,DD White vs Asian,0.3781142857142857
F + G,8,DD White vs African American,0.5445571428571429
F + G,8,DD White vs Hispanic,0.4725142857142857
F + G,8,DD White vs Others,0.4671714285714286
F + G,9,DD White vs Asian,0.3779428571428571
F + G,9,DD White vs African American,0.5445285714285714
F + G,9,DD White vs Hispanic,0.4725857142857143
F + G,9,DD White vs Others,0.4671714285714286
F + G,10,DD White vs Asian,0.3777
F + G,10,DD White vs African American,0.54455
F + G,10,DD White vs Hispanic,0.4725071428571428
F + G,10,DD White vs Others,0.4671714285714286
F + G,11,DD White vs Asian,0.3776857142857143
F + G,11,DD White vs African American,0.5445642857142857
F + G,11,DD White vs Hispanic,0.4725
F + G,11,DD White vs Others,0.4671785714285714
F + G,12,DD White vs Asian,0.3776785714285714
F + G,12,DD White vs African American,0.5445785714285715
F + G,12,DD White vs Hispanic,0.4725571428571428
F + G,12,DD White vs Others,0.4672
F + G,13,DD White vs Asian,0.3739642857142857
F + G,13,DD White vs African American,0.5506857142857143
F + G,13,DD White vs Hispanic,0.4754928571428572
F + G,13,DD White vs Others,0.4717071428571429
F + G,14,DD White vs Asian,0.3740214285714286
F + G,14,DD White vs African American,0.5506642857142857
F + G,14,DD White vs Hispanic,0.4755928571428572
F + G,14,DD White vs Others,0.4717785714285714
F + G,15,DD White vs Asian,0.3740071428571429
F + G,15,DD White vs African American,0.5506785714285715
F + G,15,DD White vs Hispanic,0.4755071428571429
F + G,15,DD White vs Others,0.4718
F + G,16,DD White vs Asian,0.3740571428571429
F + G,16,DD White vs African American,0.5506714285714286
F + G,16,DD White vs Hispanic,0.4755642857142857
F + G,16,DD White vs Others,0.4718
F + G,17,DD White vs Asian,0.3742571428571428
F + G,17,DD White vs African American,0.5505357142857142
F + G,17,DD White vs Hispanic,0.4756928571428571
F + G,17,DD White vs Others,0.4716642857142857
F + G,18,DD White vs Asian,0.3743
F + G,18,DD White vs African American,0.5504857142857142
F + G,18,DD White vs Hispanic,0.4756142857142857
F + G,18,DD White vs Others,0.4716142857142857
F,1,Food insecurity,13.78336647066288
F,2,Food insecurity,13.78242640457624
F,3,Food insecurity,13.79135703239938
F,4,Food insecurity,13.7918270654427
F,5,Food insecurity,13.7753759089264
F,6,Food insecurity,13.77314325197061
F,7,Food insecurity,13.77760856588218
F,8,Food insecurity,13.7780785989255
F,9,Food insecurity,13.7738483015356
F,10,Food insecurity,13.76750285545074
F,11,Food insecurity,13.76726783892908
F,12,Food insecurity,13.76797288849406
F,13,Food insecurity,13.76597524805994
F,14,Food insecurity,13.7650351819733
F,15,Food insecurity,13.76233249197418
F,16,Food insecurity,13.76068737632256
F,17,Food insecurity,13.75915976893176
F,18,Food insecurity,13.75645707893265
F,1,House insecurity,13.20181808781157
F,2,House insecurity,13.19535513346588
F,3,House insecurity,13.17537872912465
F,4,House insecurity,13.16774069217066
F,5,House insecurity,13.14823432087275
F,6,House insecurity,13.14600166391697
F,7,House insecurity,13.13859864348463
F,8,House insecurity,13.13436834609473
F,9,House insecurity,13.11967981349089
F,10,House insecurity,13.11709463175261
F,11,House insecurity,13.11239430131939
F,12,House insecurity,13.10922157827695
F,13,House insecurity,13.0998209174105
F,14,House insecurity,13.09735324393305
F,15,House insecurity,13.09453304567311
F,16,House insecurity,13.09347547132563
F,17,House insecurity,13.08959769871823
F,18,House insecurity,13.08771756654493
F,1,DD White vs Asian,0.3751466666666667
F,1,DD White vs African American,0.5459666666666667
F,1,DD White vs Hispanic,0.46862
F,1,DD White vs Others,0.4676666666666667
F,2,DD White vs Asian,0.37504
F,2,DD White vs African American,0.5459466666666667
F,2,DD White vs Hispanic,0.4684333333333333
F,2,DD White vs Others,0.4676533333333333
F,3,DD White vs Asian,0.3748866666666666
F,3,DD White vs African American,0.54588
F,3,DD White vs Hispanic,0.46836
F,3,DD White vs Others,0.4675666666666667
F,4,DD White vs Asian,0.3748666666666667
F,4,DD White vs African American,0.5459266666666667
F,4,DD White vs Hispanic,0.4685466666666667
F,4,DD White vs Others,0.4676066666666667
F,5,DD White vs Asian,0.3739266666666667
F,5,DD White vs African American,0.54598
F,5,DD White vs Hispanic,0.46892
F,5,DD White vs Others,0.46766
F,6,DD White vs Asian,0.3739866666666666
F,6,DD White vs African American,0.5460533333333333
F,6,DD White vs Hispanic,0.4690333333333334
F,6,DD White vs Others,0.4677733333333333
F,7,DD White vs Asian,0.3738533333333333
F,7,DD White vs African American,0.5460866666666667
F,7,DD White vs Hispanic,0.46902
F,7,DD White vs Others,0.4678133333333334
F,8,DD White vs Asian,0.3738666666666667
F,8,DD White vs African American,0.5460933333333333
F,8,DD White vs Hispanic,0.4688266666666667
F,8,DD White vs Others,0.4678466666666667
F,9,DD White vs Asian,0.3737333333333333
F,9,DD White vs African American,0.5460466666666667
F,9,DD White vs Hispanic,0.4690066666666667
F,9,DD White vs Others,0.4678133333333334
F,10,DD White vs Asian,0.3736666666666666
F,10,DD White vs African American,0.5460466666666667
F,10,DD White vs Hispanic,0.4691
F,10,DD White vs Others,0.4678666666666667
F,11,DD White vs Asian,0.3738266666666666
F,11,DD White vs African American,0.5460133333333334
F,11,DD White vs Hispanic,0.4692533333333333
F,11,DD White vs Others,0.4678666666666667
F,12,DD White vs Asian,0.37372
F,12,DD White vs African American,0.5460266666666667
F,12,DD White vs Hispanic,0.4693466666666667
F,12,DD White vs Others,0.4678466666666667
F,13,DD White vs Asian,0.37216
F,13,DD White vs African American,0.5522266666666666
F,13,DD White vs Hispanic,0.4727333333333333
F,13,DD White vs Others,0.4724866666666667
F,14,DD White vs Asian,0.3721066666666666
F,14,DD White vs African American,0.5522266666666666
F,14,DD White vs Hispanic,0.47282
F,14,DD White vs Others,0.4725
F,15,DD White vs Asian,0.372
F,15,DD White vs African American,0.5523
F,15,DD White vs Hispanic,0.4728133333333333
F,15,DD White vs Others,0.4726
F,16,DD White vs Asian,0.3719066666666667
F,16,DD White vs African American,0.55228
F,16,DD White vs Hispanic,0.47276
F,16,DD White vs Others,0.47256
F,17,DD White vs Asian,0.3717066666666667
F,17,DD White vs African American,0.5520866666666666
F,17,DD White vs Hispanic,0.4728933333333333
F,17,DD White vs Others,0.47246
F,18,DD White vs Asian,0.3716733333333334
F,18,DD White vs African American,0.55208
F,18,DD White vs Hispanic,0.4727933333333333
F,18,DD White vs Others,0.47244
C + F,1,Food insecurity,13.84034492069237
C + F,2,Food insecurity,13.83732887533105
C + F,3,Food insecurity,13.84910581436097
C + F,4,Food insecurity,13.85154737489157
C + F,5,Food insecurity,13.83503093600813
C + F,6,Food insecurity,13.83201489064682
C + F,7,Food insecurity,13.83546179963118
C + F,8,Food insecurity,13.83560542083886
C + F,9,Food insecurity,13.83330748151596
C + F,10,Food insecurity,13.82526469388575
C + F,11,Food insecurity,13.82784987562403
C + F,12,Food insecurity,13.82770625441635
C + F,13,Food insecurity,13.82942970890854
C + F,14,Food insecurity,13.82698814837794
C + F,15,Food insecurity,13.8233976181859
C + F,16,Food insecurity,13.82411572422431
C + F,17,Food insecurity,13.82282313335517
C + F,18,Food insecurity,13.82239226973212
C + F,1,House insecurity,13.18629394090849
C + F,2,House insecurity,13.18126719863962
C + F,3,House insecurity,13.16029850231805
C + F,4,House insecurity,13.15168122985713
C + F,5,House insecurity,13.1279837305896
C + F,6,House insecurity,13.12568579126668
C + F,7,House insecurity,13.11778662484418
C + F,8,House insecurity,13.11563230672894
C + F,9,House insecurity,13.10227553441451
C + F,10,House insecurity,13.10026483750697
C + F,11,House insecurity,13.09538171644578
C + F,12,House insecurity,13.09294015591518
C + F,13,House insecurity,13.08303029258513
C + F,14,House insecurity,13.08145045930063
C + F,15,House insecurity,13.07872165635466
C + F,16,House insecurity,13.07671095944711
C + F,17,House insecurity,13.07297680804739
C + F,18,House insecurity,13.07254594442434
C + F,1,DD White vs Asian,0.36725
C + F,1,DD White vs African American,0.545775
C + F,1,DD White vs Hispanic,0.46635
C + F,1,DD White vs Others,0.467525
C + F,2,DD White vs Asian,0.36725
C + F,2,DD White vs African American,0.54575
C + F,2,DD White vs Hispanic,0.4662875
C + F,2,DD White vs Others,0.4675625
C + F,3,DD White vs Asian,0.36705
C + F,3,DD White vs African American,0.545775
C + F,3,DD White vs Hispanic,0.4665875
C + F,3,DD White vs Others,0.4676375
C + F,4,DD White vs Asian,0.3669625
C + F,4,DD White vs African American,0.5457875
C + F,4,DD White vs Hispanic,0.4667625
C + F,4,DD White vs Others,0.467675
C + F,5,DD White vs Asian,0.3657875
C + F,5,DD White vs African American,0.546
C + F,5,DD White vs Hispanic,0.4685125
C + F,5,DD White vs Others,0.467825
C + F,6,DD White vs Asian,0.36585
C + F,6,DD White vs African American,0.545925
C + F,6,DD White vs Hispanic,0.468625
C + F,6,DD White vs Others,0.4678125
C + F,7,DD White vs Asian,0.36575
C + F,7,DD White vs African American,0.5459875000000001
C + F,7,DD White vs Hispanic,0.468675
C + F,7,DD White vs Others,0.4678125
C + F,8,DD White vs Asian,0.3657875
C + F,8,DD White vs African American,0.5460375
C + F,8,DD White vs Hispanic,0.4686625
C + F,8,DD White vs Others,0.4678625
C + F,9,DD White vs Asian,0.3661
C + F,9,DD White vs African American,0.5459125
C + F,9,DD White vs Hispanic,0.4688625
C + F,9,DD White vs Others,0.46785
C + F,10,DD White vs Asian,0.36595
C + F,10,DD White vs African American,0.545975
C + F,10,DD White vs Hispanic,0.469075
C + F,10,DD White vs Others,0.4679
C + F,11,DD White vs Asian,0.366
C + F,11,DD White vs African American,0.5458875
C + F,11,DD White vs Hispanic,0.4692375
C + F,11,DD White vs Others,0.467875
C + F,12,DD White vs Asian,0.3659125
C + F,12,DD White vs African American,0.5459625
C + F,12,DD White vs Hispanic,0.46925
C + F,12,DD White vs Others,0.467925
C + F,13,DD White vs Asian,0.364925
C + F,13,DD White vs African American,0.5525625
C + F,13,DD White vs Hispanic,0.473
C + F,13,DD White vs Others,0.473
C + F,14,DD White vs Asian,0.364875
C + F,14,DD White vs African American,0.5525249999999999
C + F,14,DD White vs Hispanic,0.473375
C + F,14,DD White vs Others,0.473075
C + F,15,DD White vs Asian,0.364775
C + F,15,DD White vs African American,0.5525875
C + F,15,DD White vs Hispanic,0.4732375
C + F,15,DD White vs Others,0.4731
C + F,16,DD White vs Asian,0.3647375
C + F,16,DD White vs African American,0.552575
C + F,16,DD White vs Hispanic,0.473325
C + F,16,DD White vs Others,0.4731375
C + F,17,DD White vs Asian,0.3646
C + F,17,DD White vs African American,0.5525125
C + F,17,DD White vs Hispanic,0.473325
C + F,17,DD White vs Others,0.47305
C + F,18,DD White vs Asian,0.364525
C + F,18,DD White vs African American,0.5524875
C + F,18,DD White vs Hispanic,0.4733375
C + F,18,DD White vs Others,0.473025
C + D + E,1,Food insecurity,13.60632852489529
C + D + E,2,Food insecurity,13.60064112507109
C + D + E,3,Food insecurity,13.61266222015408
C + D + E,4,Food insecurity,13.61240370198025
C + D + E,5,Food insecurity,13.59391965255158
C + D + E,6,Food insecurity,13.5931440980301
C + D + E,7,Food insecurity,13.59805594333282
C + D + E,8,Food insecurity,13.59172224807403
C + D + E,9,Food insecurity,13.59404891163849
C + D + E,10,Food insecurity,13.58448373920687
C + D + E,11,Food insecurity,13.58564707098909
C + D + E,12,Food insecurity,13.58603484824983
C + D + E,13,Food insecurity,13.58900780724885
C + D + E,14,Food insecurity,13.58732743911897
C + D + E,15,Food insecurity,13.58823225272736
C + D + E,16,Food insecurity,13.58874928907502
C + D + E,17,Food insecurity,13.58926632542268
C + D + E,18,Food insecurity,13.58887854816193
C + D + E,1,House insecurity,13.19606018303087
C + D + E,2,House insecurity,13.18946796959827
C + D + E,3,House insecurity,13.16801096117057
C + D + E,4,House insecurity,13.15870430691277
C + D + E,5,House insecurity,13.13970322113645
C + D + E,6,House insecurity,13.137376557572
C + D + E,7,House insecurity,13.12781138514038
C + D + E,8,House insecurity,13.12393361253296
C + D + E,9,House insecurity,13.11049066749392
C + D + E,10,House insecurity,13.10829326301639
C + D + E,11,House insecurity,13.1037691949744
C + D + E,12,House insecurity,13.10144253140996
C + D + E,13,House insecurity,13.09123106354376
C + D + E,14,House insecurity,13.08916291815314
C + D + E,15,House insecurity,13.08463885011116
C + D + E,16,House insecurity,13.08295848198129
C + D + E,17,House insecurity,13.07740034124399
C + D + E,18,House insecurity,13.0766247867225
C + D + E,1,DD White vs Asian,0.373
C + D + E,1,DD White vs African American,0.54456
C + D + E,1,DD White vs Hispanic,0.4672066666666667
C + D + E,1,DD White vs Others,0.4665133333333333
C + D + E,2,DD White vs Asian,0.3729333333333333
C + D + E,2,DD White vs African American,0.5446266666666667
C + D + E,2,DD White vs Hispanic,0.4671933333333333
C + D + E,2,DD White vs Others,0.4666066666666667
C + D + E,3,DD White vs Asian,0.37266
C + D + E,3,DD White vs African American,0.5446666666666666
C + D + E,3,DD White vs Hispanic,0.46722
C + D + E,3,DD White vs Others,0.4666266666666667
C + D + E,4,DD White vs Asian,0.3725333333333333
C + D + E,4,DD White vs African American,0.54472
C + D + E,4,DD White vs Hispanic,0.4674133333333333
C + D + E,4,DD White vs Others,0.4666866666666667
C + D + E,5,DD White vs Asian,0.3718266666666667
C + D + E,5,DD White vs African American,0.5448666666666666
C + D + E,5,DD White vs Hispanic,0.46924
C + D + E,5,DD White vs Others,0.46706
C + D + E,6,DD White vs Asian,0.3718
C + D + E,6,DD White vs African American,0.5448533333333333
C + D + E,6,DD White vs Hispanic,0.4692933333333333
C + D + E,6,DD White vs Others,0.46704
C + D + E,7,DD White vs Asian,0.37156
C + D + E,7,DD White vs African American,0.5449666666666667
C + D + E,7,DD White vs Hispanic,0.4693866666666667
C + D + E,7,DD White vs Others,0.46708
C + D + E,8,DD White vs Asian,0.3715266666666667
C + D + E,8,DD White vs African American,0.5449333333333333
C + D + E,8,DD White vs Hispanic,0.4691533333333333
C + D + E,8,DD White vs Others,0.4670133333333333
C + D + E,9,DD White vs Asian,0.37144
C + D + E,9,DD White vs African American,0.54484
C + D + E,9,DD White vs Hispanic,0.4693333333333333
C + D + E,9,DD White vs Others,0.4669266666666667
C + D + E,10,DD White vs Asian,0.3712733333333333
C + D + E,10,DD White vs African American,0.5448666666666666
C + D + E,10,DD White vs Hispanic,0.4694066666666667
C + D + E,10,DD White vs Others,0.467
C + D + E,11,DD White vs Asian,0.3713466666666667
C + D + E,11,DD White vs African American,0.5448999999999999
C + D + E,11,DD White vs Hispanic,0.46948
C + D + E,11,DD White vs Others,0.4670466666666667
C + D + E,12,DD White vs Asian,0.3714733333333333
C + D + E,12,DD White vs African American,0.5449333333333333
C + D + E,12,DD White vs Hispanic,0.46954
C + D + E,12,DD White vs Others,0.4671
C + D + E,13,DD White vs Asian,0.3708866666666667
C + D + E,13,DD White vs African American,0.55096
C + D + E,13,DD White vs Hispanic,0.4740266666666667
C + D + E,13,DD White vs Others,0.4716333333333333
C + D + E,14,DD White vs Asian,0.3709
C + D + E,14,DD White vs African American,0.5510333333333334
C + D + E,14,DD White vs Hispanic,0.47412
C + D + E,14,DD White vs Others,0.4716866666666666
C + D + E,15,DD White vs Asian,0.3709066666666667
C + D + E,15,DD White vs African American,0.5510733333333333
C + D + E,15,DD White vs Hispanic,0.4739066666666666
C + D + E,15,DD White vs Others,0.4717333333333333
C + D + E,16,DD White vs Asian,0.37082
C + D + E,16,DD White vs African American,0.55108
C + D + E,16,DD White vs Hispanic,0.4739733333333333
C + D + E,16,DD White vs Others,0.47174
C + D + E,17,DD White vs Asian,0.3708466666666667
C + D + E,17,DD White vs African American,0.55096
C + D + E,17,DD White vs Hispanic,0.4736866666666666
C + D + E,17,DD White vs Others,0.4715533333333333
C + D + E,18,DD White vs Asian,0.3708333333333333
C + D + E,18,DD White vs African American,0.5509933333333333
C + D + E,18,DD White vs Hispanic,0.47364
C + D + E,18,DD White vs Others,0.47158
C + D,1,Food insecurity,13.60891370663357
C + D,2,Food insecurity,13.60529445219999
C + D,3,Food insecurity,13.61317925650173
C + D,4,Food insecurity,13.61434258828396
C + D,5,Food insecurity,13.60193371594023
C + D,6,Food insecurity,13.59999482963652
C + D,7,Food insecurity,13.60193371594023
C + D,8,Food insecurity,13.60219223411406
C + D,9,Food insecurity,13.60594074763456
C + D,10,Food insecurity,13.59934853420195
C + D,11,Food insecurity,13.59947779328887
C + D,12,Food insecurity,13.60128742050566
C + D,13,Food insecurity,13.60219223411406
C + D,14,Food insecurity,13.59947779328887
C + D,15,Food insecurity,13.59934853420195
C + D,16,Food insecurity,13.59947779328887
C + D,17,Food insecurity,13.59715112972442
C + D,18,Food insecurity,13.59469520707306
C + D,1,House insecurity,13.22398014580425
C + D,2,House insecurity,13.21622460058942
C + D,3,House insecurity,13.19786981024766
C + D,4,House insecurity,13.19192389224962
C + D,5,House insecurity,13.17499095186392
C + D,6,House insecurity,13.17227651103873
C + D,7,House insecurity,13.16426244765007
C + D,8,House insecurity,13.16012615686882
C + D,9,House insecurity,13.14836357995968
C + D,10,House insecurity,13.14461506643917
C + D,11,House insecurity,13.14047877565793
C + D,12,House insecurity,13.13802285300657
C + D,13,House insecurity,13.12923323509643
C + D,14,House insecurity,13.12651879427124
C + D,15,House insecurity,13.12277028075074
C + D,16,House insecurity,13.12134843079469
C + D,17,House insecurity,13.11656584457888
C + D,18,House insecurity,13.11527325370974
C + D,1,DD White vs Asian,0.37735625
C + D,1,DD White vs African American,0.54615625
C + D,1,DD White vs Hispanic,0.4706625
C + D,1,DD White vs Others,0.46795625
C + D,2,DD White vs Asian,0.37720625
C + D,2,DD White vs African American,0.546175
C + D,2,DD White vs Hispanic,0.47073125
C + D,2,DD White vs Others,0.46804375
C + D,3,DD White vs Asian,0.37696875
C + D,3,DD White vs African American,0.54619375
C + D,3,DD White vs Hispanic,0.4707375
C + D,3,DD White vs Others,0.4679625
C + D,4,DD White vs Asian,0.3767
C + D,4,DD White vs African American,0.54625
C + D,4,DD White vs Hispanic,0.47064375
C + D,4,DD White vs Others,0.46798125
C + D,5,DD White vs Asian,0.375925
C + D,5,DD White vs African American,0.54600625
C + D,5,DD White vs Hispanic,0.4709375
C + D,5,DD White vs Others,0.46776875
C + D,6,DD White vs Asian,0.375925
C + D,6,DD White vs African American,0.54595625
C + D,6,DD White vs Hispanic,0.47081875
C + D,6,DD White vs Others,0.4677125
C + D,7,DD White vs Asian,0.37583125
C + D,7,DD White vs African American,0.546025
C + D,7,DD White vs Hispanic,0.4709125
C + D,7,DD White vs Others,0.46776875
C + D,8,DD White vs Asian,0.37570625
C + D,8,DD White vs African American,0.5459937499999999
C + D,8,DD White vs Hispanic,0.47089375
C + D,8,DD White vs Others,0.46775625
C + D,9,DD White vs Asian,0.37556875
C + D,9,DD White vs African American,0.545875
C + D,9,DD White vs Hispanic,0.4707875
C + D,9,DD White vs Others,0.46765
C + D,10,DD White vs Asian,0.37543125
C + D,10,DD White vs African American,0.5458875
C + D,10,DD White vs Hispanic,0.47105625
C + D,10,DD White vs Others,0.4677125
C + D,11,DD White vs Asian,0.37548125
C + D,11,DD White vs African American,0.54588125
C + D,11,DD White vs Hispanic,0.47115625
C + D,11,DD White vs Others,0.467725
C + D,12,DD White vs Asian,0.3754875
C + D,12,DD White vs African American,0.54586875
C + D,12,DD White vs Hispanic,0.47113125
C + D,12,DD White vs Others,0.4677125
C + D,13,DD White vs Asian,0.37441875
C + D,13,DD White vs African American,0.5516
C + D,13,DD White vs Hispanic,0.47376875
C + D,13,DD White vs Others,0.4717125
C + D,14,DD White vs Asian,0.3742875
C + D,14,DD White vs African American,0.5516875
C + D,14,DD White vs Hispanic,0.4738625
C + D,14,DD White vs Others,0.4717625
C + D,15,DD White vs Asian,0.374175
C + D,15,DD White vs African American,0.5517125
C + D,15,DD White vs Hispanic,0.473875
C + D,15,DD White vs Others,0.47180625
C + D,16,DD White vs Asian,0.3742125
C + D,16,DD White vs African American,0.55173125
C + D,16,DD White vs Hispanic,0.47379375
C + D,16,DD White vs Others,0.4718
C + D,17,DD White vs Asian,0.3741125
C + D,17,DD White vs African American,0.55166875
C + D,17,DD White vs Hispanic,0.4736125
C + D,17,DD White vs Others,0.4717
C + D,18,DD White vs Asian,0.37416875
C + D,18,DD White vs African American,0.551675
C + D,18,DD White vs Hispanic,0.47364375
C + D,18,DD White vs Others,0.4716875
C,1,Food insecurity,13.52709270461714
C,2,Food insecurity,13.5268341864433
C,3,Food insecurity,13.53278010444134
C,4,Food insecurity,13.53161677265912
C,5,Food insecurity,13.51377901866502
C,6,Food insecurity,13.51003050514451
C,7,Food insecurity,13.51184013236131
C,8,Food insecurity,13.50873791427537
C,9,Food insecurity,13.50977198697069
C,10,Food insecurity,13.50330903262499
C,11,Food insecurity,13.50343829171191
C,12,Food insecurity,13.50033607362597
C,13,Food insecurity,13.49917274184376
C,14,Food insecurity,13.49697533736621
C,15,Food insecurity,13.49800941006153
C,16,Food insecurity,13.49477793288868
C,17,Food insecurity,13.49555348741016
C,18,Food insecurity,13.49413163745411
C,1,House insecurity,13.20627165089706
C,2,House insecurity,13.20058425107286
C,3,House insecurity,13.17990279716664
C,4,House insecurity,13.17331058373403
C,5,House insecurity,13.15069024352412
C,6,House insecurity,13.14823432087275
C,7,House insecurity,13.13685952122434
C,8,House insecurity,13.1327232304431
C,9,House insecurity,13.12031435809937
C,10,House insecurity,13.11721214001345
C,11,House insecurity,13.11061992658083
C,12,House insecurity,13.10790548575564
C,13,House insecurity,13.09924512693242
C,14,House insecurity,13.09795253606328
C,15,House insecurity,13.09446254071661
C,16,House insecurity,13.09291143167365
C,17,House insecurity,13.08644847732796
C,18,House insecurity,13.08606070006721
C,1,DD White vs Asian,0.3735
C,1,DD White vs African American,0.5460333333333334
C,1,DD White vs Hispanic,0.4669066666666667
C,1,DD White vs Others,0.46696
C,2,DD White vs Asian,0.3734
C,2,DD White vs African American,0.54604
C,2,DD White vs Hispanic,0.4666666666666667
C,2,DD White vs Others,0.4670133333333333
C,3,DD White vs Asian,0.37316
C,3,DD White vs African American,0.5460866666666667
C,3,DD White vs Hispanic,0.46684
C,3,DD White vs Others,0.46708
C,4,DD White vs Asian,0.3730866666666667
C,4,DD White vs African American,0.5461266666666666
C,4,DD White vs Hispanic,0.4671066666666667
C,4,DD White vs Others,0.46718
C,5,DD White vs Asian,0.3722666666666667
C,5,DD White vs African American,0.5461666666666667
C,5,DD White vs Hispanic,0.4683466666666667
C,5,DD White vs Others,0.4673266666666667
C,6,DD White vs Asian,0.37218
C,6,DD White vs African American,0.5461733333333334
C,6,DD White vs Hispanic,0.46832
C,6,DD White vs Others,0.4673666666666667
C,7,DD White vs Asian,0.3719866666666667
C,7,DD White vs African American,0.5462333333333333
C,7,DD White vs Hispanic,0.46856
C,7,DD White vs Others,0.46742
C,8,DD White vs Asian,0.37204
C,8,DD White vs African American,0.5462133333333333
C,8,DD White vs Hispanic,0.4685733333333333
C,8,DD White vs Others,0.4674
C,9,DD White vs Asian,0.3720933333333333
C,9,DD White vs African American,0.5461733333333334
C,9,DD White vs Hispanic,0.4689066666666666
C,9,DD White vs Others,0.4672733333333333
C,10,DD White vs Asian,0.37194
C,10,DD White vs African American,0.5461933333333333
C,10,DD White vs Hispanic,0.4691066666666667
C,10,DD White vs Others,0.46728
C,11,DD White vs Asian,0.3719533333333334
C,11,DD White vs African American,0.5462466666666667
C,11,DD White vs Hispanic,0.46908
C,11,DD White vs Others,0.46734
C,12,DD White vs Asian,0.3719266666666667
C,12,DD White vs African American,0.5462400000000001
C,12,DD White vs Hispanic,0.4689933333333333
C,12,DD White vs Others,0.46736
C,13,DD White vs Asian,0.3702466666666667
C,13,DD White vs African American,0.5524266666666666
C,13,DD White vs Hispanic,0.4722666666666667
C,13,DD White vs Others,0.4716933333333334
C,14,DD White vs Asian,0.3701533333333333
C,14,DD White vs African American,0.5524333333333333
C,14,DD White vs Hispanic,0.47226
C,14,DD White vs Others,0.4716933333333334
C,15,DD White vs Asian,0.37018
C,15,DD White vs African American,0.5523666666666667
C,15,DD White vs Hispanic,0.47224
C,15,DD White vs Others,0.4716733333333333
C,16,DD White vs Asian,0.3701266666666667
C,16,DD White vs African American,0.55238
C,16,DD White vs Hispanic,0.4721666666666667
C,16,DD White vs Others,0.4716533333333333
C,17,DD White vs Asian,0.36998
C,17,DD White vs African American,0.5522466666666667
C,17,DD White vs Hispanic,0.47204
C,17,DD White vs Others,0.47154
C,18,DD White vs Asian,0.3699333333333333
C,18,DD White vs African American,0.5522066666666666
C,18,DD White vs Hispanic,0.4720733333333333
C,18,DD White vs Others,0.4715333333333334
G,1,Food insecurity,13.52167557379284
G,2,Food insecurity,13.51721025988127
G,3,Food insecurity,13.52602337944358
G,4,Food insecurity,13.52567085466109
G,5,Food insecurity,13.50451936771155
G,6,Food insecurity,13.49981903727832
G,7,Food insecurity,13.50158166119079
G,8,Food insecurity,13.5035793016249
G,9,Food insecurity,13.50592946684151
G,10,Food insecurity,13.49840893814835
G,11,Food insecurity,13.49829142988752
G,12,Food insecurity,13.4978213968442
G,13,Food insecurity,13.49864395467001
G,14,Food insecurity,13.49829142988752
G,15,Food insecurity,13.49793890510503
G,16,Food insecurity,13.49911398771334
G,17,Food insecurity,13.50158166119079
G,18,Food insecurity,13.50134664466912
G,1,House insecurity,13.18254673303533
G,2,House insecurity,13.17761138608045
G,3,House insecurity,13.15939760565168
G,4,House insecurity,13.15293465130599
G,5,House insecurity,13.13425083783391
G,6,House insecurity,13.13201818087811
G,7,House insecurity,13.12238250348999
G,8,House insecurity,13.11838722262175
G,9,House insecurity,13.10640138001702
G,10,House insecurity,13.10369869001791
G,11,House insecurity,13.09782327697637
G,12,House insecurity,13.09582563654225
G,13,House insecurity,13.08654248393663
G,14,House insecurity,13.08325225263336
G,15,House insecurity,13.07984451306927
G,16,House insecurity,13.07831690567847
G,17,House insecurity,13.07244149263693
G,18,House insecurity,13.07150142655029
G,1,DD White vs Asian,0.37305
G,1,DD White vs African American,0.5450083333333333
G,1,DD White vs Hispanic,0.4673916666666666
G,1,DD White vs Others,0.4673083333333333
G,2,DD White vs Asian,0.3730916666666667
G,2,DD White vs African American,0.54495
G,2,DD White vs Hispanic,0.4673333333333333
G,2,DD White vs Others,0.4673333333333333
G,3,DD White vs Asian,0.3730166666666667
G,3,DD White vs African American,0.5449916666666667
G,3,DD White vs Hispanic,0.4674833333333334
G,3,DD White vs Others,0.46735
G,4,DD White vs Asian,0.372925
G,4,DD White vs African American,0.5450333333333334
G,4,DD White vs Hispanic,0.467625
G,4,DD White vs Others,0.467375
G,5,DD White vs Asian,0.3722083333333333
G,5,DD White vs African American,0.5451166666666667
G,5,DD White vs Hispanic,0.4692166666666667
G,5,DD White vs Others,0.4674833333333334
G,6,DD White vs Asian,0.3721833333333334
G,6,DD White vs African American,0.5451083333333333
G,6,DD White vs Hispanic,0.4692
G,6,DD White vs Others,0.4674666666666667
G,7,DD White vs Asian,0.372125
G,7,DD White vs African American,0.545125
G,7,DD White vs Hispanic,0.46945
G,7,DD White vs Others,0.467575
G,8,DD White vs Asian,0.372175
G,8,DD White vs African American,0.54515
G,8,DD White vs Hispanic,0.46945
G,8,DD White vs Others,0.4675583333333334
G,9,DD White vs Asian,0.3719833333333333
G,9,DD White vs African American,0.545
G,9,DD White vs Hispanic,0.469625
G,9,DD White vs Others,0.4675
G,10,DD White vs Asian,0.3717833333333334
G,10,DD White vs African American,0.5450166666666667
G,10,DD White vs Hispanic,0.4697916666666667
G,10,DD White vs Others,0.4675333333333334
G,11,DD White vs Asian,0.3715583333333333
G,11,DD White vs African American,0.544975
G,11,DD White vs Hispanic,0.469925
G,11,DD White vs Others,0.4675666666666667
G,12,DD White vs Asian,0.3715166666666667
G,12,DD White vs African American,0.545
G,12,DD White vs Hispanic,0.4699666666666666
G,12,DD White vs Others,0.4675916666666667
G,13,DD White vs Asian,0.3697166666666667
G,13,DD White vs African American,0.5514583333333334
G,13,DD White vs Hispanic,0.4734
G,13,DD White vs Others,0.47225
G,14,DD White vs Asian,0.3697583333333334
G,14,DD White vs African American,0.551475
G,14,DD White vs Hispanic,0.4734666666666666
G,14,DD White vs Others,0.4723083333333333
G,15,DD White vs Asian,0.369525
G,15,DD White vs African American,0.5515083333333334
G,15,DD White vs Hispanic,0.473425
G,15,DD White vs Others,0.4723166666666667
G,16,DD White vs Asian,0.3695166666666667
G,16,DD White vs African American,0.5515333333333333
G,16,DD White vs Hispanic,0.4734333333333333
G,16,DD White vs Others,0.4723416666666667
G,17,DD White vs Asian,0.3696083333333333
G,17,DD White vs African American,0.5513833333333333
G,17,DD White vs Hispanic,0.4734666666666666
G,17,DD White vs Others,0.4722583333333333
G,18,DD White vs Asian,0.369575
G,18,DD White vs African American,0.5512666666666667
G,18,DD White vs Hispanic,0.4735083333333333
G,18,DD White vs Others,0.4722166666666667
D + E,1,Food insecurity,13.56987746238561
D + E,2,Food insecurity,13.56910190786412
D + E,3,Food insecurity,13.58396670285921
D + E,4,Food insecurity,13.58500077555452
D + E,5,Food insecurity,13.56082932630164
D + E,6,Food insecurity,13.55191044930458
D + E,7,Food insecurity,13.55359081743447
D + E,8,Food insecurity,13.55372007652138
D + E,9,Food insecurity,13.55643451734657
D + E,10,Food insecurity,13.55074711752237
D + E,11,Food insecurity,13.55333229926064
D + E,12,Food insecurity,13.55320304017372
D + E,13,Food insecurity,13.5539785946952
D + E,14,Food insecurity,13.55087637660928
D + E,15,Food insecurity,13.55100563569619
D + E,16,Food insecurity,13.54906674939248
D + E,17,Food insecurity,13.54712786308877
D + E,18,Food insecurity,13.54699860400186
D + E,1,House insecurity,13.20717646450546
D + E,2,House insecurity,13.20097202833359
D + E,3,House insecurity,13.17977353807973
D + E,4,House insecurity,13.17331058373403
D + E,5,House insecurity,13.15547282973993
D + E,6,House insecurity,13.15185357530635
D + E,7,House insecurity,13.1439687710046
D + E,8,House insecurity,13.13931544387571
D + E,9,House insecurity,13.12651879427124
D + E,10,House insecurity,13.1243213897937
D + E,11,House insecurity,13.1196680626648
D + E,12,House insecurity,13.11721214001345
D + E,13,House insecurity,13.10777622666873
D + E,14,House insecurity,13.10622511762577
D + E,15,House insecurity,13.10208882684453
D + E,16,House insecurity,13.10040845871465
D + E,17,House insecurity,13.09446254071661
D + E,18,House insecurity,13.09381624528204
D + E,1,DD White vs Asian,0.3740666666666667
D + E,1,DD White vs African American,0.54576
D + E,1,DD White vs Hispanic,0.4673933333333333
D + E,1,DD White vs Others,0.4673
D + E,2,DD White vs Asian,0.3740733333333333
D + E,2,DD White vs African American,0.5457533333333333
D + E,2,DD White vs Hispanic,0.46736
D + E,2,DD White vs Others,0.4673
D + E,3,DD White vs Asian,0.3740466666666667
D + E,3,DD White vs African American,0.5457533333333333
D + E,3,DD White vs Hispanic,0.46772
D + E,3,DD White vs Others,0.4673733333333334
D + E,4,DD White vs Asian,0.37398
D + E,4,DD White vs African American,0.5457466666666667
D + E,4,DD White vs Hispanic,0.46796
D + E,4,DD White vs Others,0.46742
D + E,5,DD White vs Asian,0.37292
D + E,5,DD White vs African American,0.5457733333333333
D + E,5,DD White vs Hispanic,0.4693133333333334
D + E,5,DD White vs Others,0.4674466666666667
D + E,6,DD White vs Asian,0.3730066666666667
D + E,6,DD White vs African American,0.54582
D + E,6,DD White vs Hispanic,0.46944
D + E,6,DD White vs Others,0.4675266666666666
D + E,7,DD White vs Asian,0.3730066666666667
D + E,7,DD White vs African American,0.5459066666666667
D + E,7,DD White vs Hispanic,0.4695533333333333
D + E,7,DD White vs Others,0.4675733333333333
D + E,8,DD White vs Asian,0.37306
D + E,8,DD White vs African American,0.5459133333333334
D + E,8,DD White vs Hispanic,0.4694666666666667
D + E,8,DD White vs Others,0.4675666666666667
D + E,9,DD White vs Asian,0.37344
D + E,9,DD White vs African American,0.54574
D + E,9,DD White vs Hispanic,0.46978
D + E,9,DD White vs Others,0.4675333333333334
D + E,10,DD White vs Asian,0.3731866666666667
D + E,10,DD White vs African American,0.54576
D + E,10,DD White vs Hispanic,0.47008
D + E,10,DD White vs Others,0.4675933333333333
D + E,11,DD White vs Asian,0.37308
D + E,11,DD White vs African American,0.5457933333333334
D + E,11,DD White vs Hispanic,0.4701533333333333
D + E,11,DD White vs Others,0.4676
D + E,12,DD White vs Asian,0.3730533333333333
D + E,12,DD White vs African American,0.5457866666666666
D + E,12,DD White vs Hispanic,0.4701333333333333
D + E,12,DD White vs Others,0.4675733333333333
D + E,13,DD White vs Asian,0.3713866666666667
D + E,13,DD White vs African American,0.5517066666666667
D + E,13,DD White vs Hispanic,0.4738133333333333
D + E,13,DD White vs Others,0.47174
D + E,14,DD White vs Asian,0.3714133333333333
D + E,14,DD White vs African American,0.5517266666666667
D + E,14,DD White vs Hispanic,0.4738466666666666
D + E,14,DD White vs Others,0.47178
D + E,15,DD White vs Asian,0.3714066666666667
D + E,15,DD White vs African American,0.5517666666666666
D + E,15,DD White vs Hispanic,0.4737
D + E,15,DD White vs Others,0.4718133333333334
D + E,16,DD White vs Asian,0.3714533333333334
D + E,16,DD White vs African American,0.5518
D + E,16,DD White vs Hispanic,0.47372
D + E,16,DD White vs Others,0.47184
D + E,17,DD White vs Asian,0.3714066666666667
D + E,17,DD White vs African American,0.55164
D + E,17,DD White vs Hispanic,0.4738666666666667
D + E,17,DD White vs Others,0.4717133333333333
D + E,18,DD White vs Asian,0.3713866666666667
D + E,18,DD White vs African American,0.5516333333333333
D + E,18,DD White vs Hispanic,0.47388
D + E,18,DD White vs Others,0.4716866666666666
D,1,Food insecurity,13.34768109198077
D,2,Food insecurity,13.33734036502766
D,3,Food insecurity,13.348844423763
D,4,Food insecurity,13.35207590093583
D,5,Food insecurity,13.33242851972494
D,6,Food insecurity,13.33204074246419
D,7,Food insecurity,13.33876221498371
D,8,Food insecurity,13.33889147407062
D,9,Food insecurity,13.34406183754718
D,10,Food insecurity,13.33591851507161
D,11,Food insecurity,13.33772814228841
D,12,Food insecurity,13.33708184685384
D,13,Food insecurity,13.33721110594075
D,14,Food insecurity,13.33268703789876
D,15,Food insecurity,13.33087741068197
D,16,Food insecurity,13.33087741068197
D,17,Food insecurity,13.33152370611654
D,18,Food insecurity,13.32932630163901
D,1,House insecurity,13.19942091929063
D,2,House insecurity,13.19386277855333
D,3,House insecurity,13.17680057908071
D,4,House insecurity,13.16891577477897
D,5,House insecurity,13.14836357995968
D,6,House insecurity,13.14513210278683
D,7,House insecurity,13.13479137583372
D,8,House insecurity,13.13026730779174
D,9,House insecurity,13.11630732640504
D,10,House insecurity,13.11385140375369
D,11,House insecurity,13.10945659479862
D,12,House insecurity,13.10816400392948
D,13,House insecurity,13.09678920428106
D,14,House insecurity,13.09342846802131
D,15,House insecurity,13.0914895817176
D,16,House insecurity,13.09045550902228
D,17,House insecurity,13.08412181376351
D,18,House insecurity,13.08205366837288
D,1,DD White vs Asian,0.37505
D,1,DD White vs African American,0.546375
D,1,DD White vs Hispanic,0.46864375
D,1,DD White vs Others,0.4681875
D,2,DD White vs Asian,0.374925
D,2,DD White vs African American,0.54640625
D,2,DD White vs Hispanic,0.46858125
D,2,DD White vs Others,0.46820625
D,3,DD White vs Asian,0.3746625
D,3,DD White vs African American,0.5464375
D,3,DD White vs Hispanic,0.46850625
D,3,DD White vs Others,0.46825
D,4,DD White vs Asian,0.3745875
D,4,DD White vs African American,0.546475
D,4,DD White vs Hispanic,0.46865
D,4,DD White vs Others,0.4682875
D,5,DD White vs Asian,0.37355
D,5,DD White vs African American,0.54640625
D,5,DD White vs Hispanic,0.4695375
D,5,DD White vs Others,0.4682375
D,6,DD White vs Asian,0.37365625
D,6,DD White vs African American,0.54635625
D,6,DD White vs Hispanic,0.4695875
D,6,DD White vs Others,0.46825625
D,7,DD White vs Asian,0.37346875
D,7,DD White vs African American,0.54641875
D,7,DD White vs Hispanic,0.46986875
D,7,DD White vs Others,0.46826875
D,8,DD White vs Asian,0.3734875
D,8,DD White vs African American,0.5464625
D,8,DD White vs Hispanic,0.46986875
D,8,DD White vs Others,0.46830625
D,9,DD White vs Asian,0.373725
D,9,DD White vs African American,0.546475
D,9,DD White vs Hispanic,0.4701625
D,9,DD White vs Others,0.46841875
D,10,DD White vs Asian,0.3733375
D,10,DD White vs African American,0.5464625
D,10,DD White vs Hispanic,0.470375
D,10,DD White vs Others,0.4684375
D,11,DD White vs Asian,0.37329375
D,11,DD White vs African American,0.5464625
D,11,DD White vs Hispanic,0.4704875
D,11,DD White vs Others,0.46843125
D,12,DD White vs Asian,0.37333125
D,12,DD White vs African American,0.54648125
D,12,DD White vs Hispanic,0.470525
D,12,DD White vs Others,0.4684625
D,13,DD White vs Asian,0.37256875
D,13,DD White vs African American,0.552925
D,13,DD White vs Hispanic,0.47413125
D,13,DD White vs Others,0.4729375
D,14,DD White vs Asian,0.37265625
D,14,DD White vs African American,0.55294375
D,14,DD White vs Hispanic,0.47433125
D,14,DD White vs Others,0.4729875
D,15,DD White vs Asian,0.3725375
D,15,DD White vs African American,0.55298125
D,15,DD White vs Hispanic,0.47424375
D,15,DD White vs Others,0.473025
D,16,DD White vs Asian,0.3726125
D,16,DD White vs African American,0.55298125
D,16,DD White vs Hispanic,0.47423125
D,16,DD White vs Others,0.473025
D,17,DD White vs Asian,0.37236875
D,17,DD White vs African American,0.55288125
D,17,DD White vs Hispanic,0.47423125
D,17,DD White vs Others,0.47300625
D,18,DD White vs Asian,0.37236875
D,18,DD White vs African American,0.5528625
D,18,DD White vs Hispanic,0.47419375
D,18,DD White vs Others,0.472975
E,1,Food insecurity,14.30109611705703
E,2,Food insecurity,14.30019130344863
E,3,Food insecurity,14.31040277131482
E,4,Food insecurity,14.31234165761853
E,5,Food insecurity,14.2858435448012
E,6,Food insecurity,14.28416317667132
E,7,Food insecurity,14.28778243110491
E,8,Food insecurity,14.28571428571429
E,9,Food insecurity,14.28429243575824
E,10,Food insecurity,14.27666614963032
E,11,Food insecurity,14.27847577684711
E,12,Food insecurity,14.27757096323872
E,13,Food insecurity,14.28002688589007
E,14,Food insecurity,14.27679540871724
E,15,Food insecurity,14.2765368905434
E,16,Food insecurity,14.27537355876118
E,17,Food insecurity,14.2745980042397
E,18,Food insecurity,14.27472726332661
E,1,House insecurity,13.18843389690295
E,2,House insecurity,13.18390982886097
E,3,House insecurity,13.1616772659118
E,4,House insecurity,13.15353394343622
E,5,House insecurity,13.13349878496458
E,6,House insecurity,13.13117212140014
E,7,House insecurity,13.12264102166383
E,8,House insecurity,13.11889250814332
E,9,House insecurity,13.10764696758182
E,10,House insecurity,13.10532030401738
E,11,House insecurity,13.10014994054082
E,12,House insecurity,13.09859883149785
E,13,House insecurity,13.08774106819709
E,14,House insecurity,13.08489736828499
E,15,House insecurity,13.08153663202524
E,16,House insecurity,13.0802440411561
E,17,House insecurity,13.0746859004188
E,18,House insecurity,13.07365182772349
E,1,DD White vs Asian,0.3716818181818182
E,1,DD White vs African American,0.5450818181818182
E,1,DD White vs Hispanic,0.4684727272727273
E,1,DD White vs Others,0.4672636363636364
E,2,DD White vs Asian,0.3716545454545455
E,2,DD White vs African American,0.5450363636363637
E,2,DD White vs Hispanic,0.4683
E,2,DD White vs Others,0.4672636363636364
E,3,DD White vs Asian,0.3714
E,3,DD White vs African American,0.5450818181818182
E,3,DD White vs Hispanic,0.4687454545454545
E,3,DD White vs Others,0.4672727272727273
E,4,DD White vs Asian,0.3713545454545454
E,4,DD White vs African American,0.5450454545454545
E,4,DD White vs Hispanic,0.4686818181818182
E,4,DD White vs Others,0.4671909090909091
E,5,DD White vs Asian,0.3706636363636364
E,5,DD White vs African American,0.5452363636363636
E,5,DD White vs Hispanic,0.4700272727272727
E,5,DD White vs Others,0.4673727272727273
E,6,DD White vs Asian,0.3706818181818182
E,6,DD White vs African American,0.5452090909090909
E,6,DD White vs Hispanic,0.4702
E,6,DD White vs Others,0.4673454545454546
E,7,DD White vs Asian,0.3704818181818182
E,7,DD White vs African American,0.5452545454545454
E,7,DD White vs Hispanic,0.4701818181818182
E,7,DD White vs Others,0.4673909090909091
E,8,DD White vs Asian,0.3705090909090909
E,8,DD White vs African American,0.5453272727272728
E,8,DD White vs Hispanic,0.4701545454545454
E,8,DD White vs Others,0.4674727272727273
E,9,DD White vs Asian,0.3704090909090909
E,9,DD White vs African American,0.545309090909091
E,9,DD White vs Hispanic,0.4701727272727273
E,9,DD White vs Others,0.4674363636363636
E,10,DD White vs Asian,0.3702363636363636
E,10,DD White vs African American,0.5453727272727272
E,10,DD White vs Hispanic,0.4699636363636364
E,10,DD White vs Others,0.4674454545454546
E,11,DD White vs Asian,0.3703090909090909
E,11,DD White vs African American,0.5453727272727272
E,11,DD White vs Hispanic,0.4701090909090909
E,11,DD White vs Others,0.4674363636363636
E,12,DD White vs Asian,0.3701545454545455
E,12,DD White vs African American,0.5453818181818182
E,12,DD White vs Hispanic,0.4701090909090909
E,12,DD White vs Others,0.4674545454545455
E,13,DD White vs Asian,0.3692636363636363
E,13,DD White vs African American,0.5516363636363636
E,13,DD White vs Hispanic,0.4745636363636364
E,13,DD White vs Others,0.4728181818181818
E,14,DD White vs Asian,0.3693181818181818
E,14,DD White vs African American,0.5516727272727273
E,14,DD White vs Hispanic,0.4748272727272727
E,14,DD White vs Others,0.4729090909090909
E,15,DD White vs Asian,0.3692727272727273
E,15,DD White vs African American,0.5516909090909091
E,15,DD White vs Hispanic,0.4748545454545455
E,15,DD White vs Others,0.4729363636363637
E,16,DD White vs Asian,0.3693181818181818
E,16,DD White vs African American,0.5516818181818182
E,16,DD White vs Hispanic,0.4747909090909091
E,16,DD White vs Others,0.4729454545454546
E,17,DD White vs Asian,0.3690727272727273
E,17,DD White vs African American,0.5515818181818182
E,17,DD White vs Hispanic,0.4746727272727272
E,17,DD White vs Others,0.4728090909090909
E,18,DD White vs Asian,0.3689909090909091
E,18,DD White vs African American,0.5516363636363636
E,18,DD White vs Hispanic,0.4746363636363636
E,18,DD White vs Others,0.4728090909090909
B,1,Food insecurity,14.39881598676387
B,2,Food insecurity,14.39170673698361
B,3,Food insecurity,14.40153042758906
B,4,Food insecurity,14.40088413215449
B,5,Food insecurity,14.37865156920531
B,6,Food insecurity,14.37645416472778
B,7,Food insecurity,14.3767126829016
B,8,Food insecurity,14.37619564655396
B,9,Food insecurity,14.37205935577271
B,10,Food insecurity,14.36520862416628
B,11,Food insecurity,14.3635282560364
B,12,Food insecurity,14.3644330696448
B,13,Food insecurity,14.36624269686159
B,14,Food insecurity,14.362623442428
B,15,Food insecurity,14.36236492425418
B,16,Food insecurity,14.36288196060183
B,17,Food insecurity,14.36223566516727
B,18,Food insecurity,14.36275270151491
B,1,House insecurity,13.19709425572618
B,2,House insecurity,13.19308722403185
B,3,House insecurity,13.17331058373403
B,4,House insecurity,13.16542577943229
B,5,House insecurity,13.14668321182979
B,6,House insecurity,13.14383951191769
B,7,House insecurity,13.1364717439636
B,8,House insecurity,13.13388656222533
B,9,House insecurity,13.12354583527222
B,10,House insecurity,13.12121917170778
B,11,House insecurity,13.11669510366579
B,12,House insecurity,13.11462695827517
B,13,House insecurity,13.10648363579959
B,14,House insecurity,13.10467400858281
B,15,House insecurity,13.10131327232305
B,16,House insecurity,13.10014994054082
B,17,House insecurity,13.09420402254279
B,18,House insecurity,13.0925236544129
B,1,DD White vs Asian,0.37934375
B,1,DD White vs African American,0.54491875
B,1,DD White vs Hispanic,0.4715
B,1,DD White vs Others,0.46723125
B,2,DD White vs Asian,0.37933125
B,2,DD White vs African American,0.54490625
B,2,DD White vs Hispanic,0.4714625
B,2,DD White vs Others,0.4672875
B,3,DD White vs Asian,0.3789625
B,3,DD White vs African American,0.54501875
B,3,DD White vs Hispanic,0.47188125
B,3,DD White vs Others,0.46738125
B,4,DD White vs Asian,0.37905
B,4,DD White vs African American,0.54505625
B,4,DD White vs Hispanic,0.4719375
B,4,DD White vs Others,0.46743125
B,5,DD White vs Asian,0.3791
B,5,DD White vs African American,0.54505
B,5,DD White vs Hispanic,0.47278125
B,5,DD White vs Others,0.46745625
B,6,DD White vs Asian,0.3791
B,6,DD White vs African American,0.545125
B,6,DD White vs Hispanic,0.47273125
B,6,DD White vs Others,0.46749375
B,7,DD White vs Asian,0.37910625
B,7,DD White vs African American,0.545225
B,7,DD White vs Hispanic,0.47276875
B,7,DD White vs Others,0.4675875
B,8,DD White vs Asian,0.3791
B,8,DD White vs African American,0.545225
B,8,DD White vs Hispanic,0.4726375
B,8,DD White vs Others,0.46756875
B,9,DD White vs Asian,0.37895625
B,9,DD White vs African American,0.5451
B,9,DD White vs Hispanic,0.47281875
B,9,DD White vs Others,0.46749375
B,10,DD White vs Asian,0.3788
B,10,DD White vs African American,0.5450375000000001
B,10,DD White vs Hispanic,0.47283125
B,10,DD White vs Others,0.467475
B,11,DD White vs Asian,0.37863125
B,11,DD White vs African American,0.54500625
B,11,DD White vs Hispanic,0.47285625
B,11,DD White vs Others,0.4674625
B,12,DD White vs Asian,0.378525
B,12,DD White vs African American,0.5450125
B,12,DD White vs Hispanic,0.472775
B,12,DD White vs Others,0.46745625
B,13,DD White vs Asian,0.3768375
B,13,DD White vs African American,0.5511625
B,13,DD White vs Hispanic,0.4761625
B,13,DD White vs Others,0.47179375
B,14,DD White vs Asian,0.37675
B,14,DD White vs African American,0.55113125
B,14,DD White vs Hispanic,0.47630625
B,14,DD White vs Others,0.4718625
B,15,DD White vs Asian,0.376675
B,15,DD White vs African American,0.55115625
B,15,DD White vs Hispanic,0.47623125
B,15,DD White vs Others,0.4719
B,16,DD White vs Asian,0.37665625
B,16,DD White vs African American,0.551125
B,16,DD White vs Hispanic,0.4762875
B,16,DD White vs Others,0.47191875
B,17,DD White vs Asian,0.37648125
B,17,DD White vs African American,0.550975
B,17,DD White vs Hispanic,0.4761625
B,17,DD White vs Others,0.47175
B,18,DD White vs Asian,0.37646875
B,18,DD White vs African American,0.55098125
B,18,DD White vs Hispanic,0.4761375
B,18,DD White vs Others,0.47173125
